{
    "full_name": "Akinbode Isaacs",
    "name": "Bode",
    "current_role": "AI Engineer and Intelligent Automation Architect",
    "location": "Your LocationLondon, England",
    "email": "akinbode@gmail.com",
    "linkedin": "linkedin.com/in/bode-isaacs",
    "specialties": [
      "AI Engineer",
      "Intelligent Automation Architect",
      "Azure/OpenAI",
      "UiPath",
      "Reliability Engineering",
      "Audit-ready, regulator-friendly solutions",
      "Enterprise-grade automation",
      "Production scale",
      "Combination of AI systems into audit-ready, regulator-friendly solutions",
      "Executors trust and engineers can operate safely"
    ],
    "years_experience": 10,
    "education": [
      {
        "degree": "BSc Computer Science",
        "institution": "University of Lagos",
        "year": "2010"
      }
    ]
  }